<step title="BackgroundTrace" date="2025-11-12T23:06:19.398" instance="59351f" url="/api/zipdeploy" method="POST" >
  <step title="Creating temporary deployment - FetchDeploymentManager" date="2025-11-12T23:06:19.476" /><!-- duration: 3ms -->
  <step title="Creating temporary deployment" date="2025-11-12T23:06:19.486" /><!-- duration: 72ms -->
  <step title="Performing fetch based deployment" date="2025-11-12T23:06:19.600" >
    <step title="Cleaning up temp folders from previous zip deployments and extracting pushed zip file /tmp/zipdeploy/e82be283-bb09-44a0-bd8b-69dbc60e65ff.zip (0.05 MB) to /tmp/zipdeploy/extracted" date="2025-11-12T23:06:20.812" >
      <step title="ChmodRecursive Process exited with total time taken in ms: 26" date="2025-11-12T23:06:20.869" /><!-- duration: 5ms -->
    </step><!-- duration: 65ms -->
    <step title="Deployment timer started" date="2025-11-12T23:06:22.886" >
      <step title="DeploymentManager.Deploy(id:7aeaf4e3-239f-4d59-b111-5d15dbddff8b)" date="2025-11-12T23:06:22.893" >
        <step title="Collecting changeset information" date="2025-11-12T23:06:22.905" /><!-- duration: 80ms -->
        <step title="Updating submodules" date="2025-11-12T23:06:22.995" /><!-- duration: 1130ms -->
        <step title="Determining deployment builder" date="2025-11-12T23:06:24.385" >
          <step title="Builder is BasicBuilder" date="2025-11-12T23:06:24.396" /><!-- duration: 3ms -->
        </step><!-- duration: 18ms -->
        <step title="PreDeployment: context.CleanOutputPath False" date="2025-11-12T23:06:24.451" >
          <step title="PreDeployment: context.OutputPath /home/site/wwwroot" date="2025-11-12T23:06:24.580" >
            <step title="Building" date="2025-11-12T23:06:24.720" >
              <step title="Executing external process" date="2025-11-12T23:06:24.990" type="process" path="starter.sh" arguments="/opt/Kudu/Scripts/parallel_rsync.sh /tmp/zipdeploy/extracted /home/site/wwwroot 8 /tmp/ False True  " /><!-- duration: 2229ms -->
              <step title="Triggering recycle (preview mode disabled)." date="2025-11-12T23:06:27.471" /><!-- duration: 4ms -->
              <step title="Modified file to trigger a restart of the app container." date="2025-11-12T23:06:27.517" /><!-- duration: 4ms -->
              <step title="Skip function trigger and logicapp sync because function is not enabled." date="2025-11-12T23:06:27.526" /><!-- duration: 8ms -->
            </step><!-- duration: 3500ms -->
          </step><!-- duration: 3646ms -->
          <step title="Cleaning up temp files" date="2025-11-12T23:06:28.231" /><!-- duration: 5ms -->
          <step title="Cleaning up temp files" date="2025-11-12T23:06:28.240" /><!-- duration: 505ms -->
          <step title="Reloading status file with latest updates" date="2025-11-12T23:06:28.773" >
            <step title="WebHooksManager.PublishEventAsync: PostDeployment" date="2025-11-12T23:06:28.777" /><!-- duration: 33ms -->
          </step><!-- duration: 40ms -->
          <step title="Cleaning up temporary deployment - fetch deployment was successful" date="2025-11-12T23:06:28.820" /><!-- duration: 3ms -->
        </step><!-- duration: 4426ms -->
      </step><!-- duration: 5999ms -->
