<step title="Incoming Request" date="2025-11-13T03:11:26.698" instance="6644d7" url="/api/zipdeploy?isAsync=true&amp;deployer=GITHUB_ZIP_DEPLOY&amp;message=%7B%22type%22%3A%22deployment%22%2C%22sha%22%3A%22f1b59dccf1dbc01c044d9a1db93357db81ef4318%22%2C%22repoName%22%3A%22buddahb88%2FNBA_DFS_Optimizer%22%2C%22actor%22%3A%22buddahb88%22%2C%22slotName%22%3A%22production%22%2C%22commitMessage%22%3A%22Trigger%20backend%20deployment%20with%20refreshed%20credentials%22%7D" method="POST" type="request" pid="768,1,14" Host="nba-dfs-backend.scm.azurewebsites.net" User-Agent="GITHUBACTIONS_DeployWebAppToAzure_6667faadbbbaf4c3775c9dcdc7325b783a5128be9b8865b1466a5098632ae6c6" Authorization="Bas..." Content-Type="application/octet-stream" Cookie="ARRAffinity=6644d756ea1f0922ff44022662971341d5162662bf1ceb3a2d8e21c9313353cb;Path=/;HttpOnly;Secure;Domain=nba-dfs-backend.scm.azurewebsites.net; ARRAffinitySameSite=6644d756ea1f0922ff44022662971341d5162662bf1ceb3a2d8e21c9313353cb;Path=/;HttpOnly;SameSite=None;Secure;Domain=nba-dfs-backend.scm.azurewebsites.net" Transfer-Encoding="chunked" X-ARR-LOG-ID="783f0065-6d00-4f1a-97ba-0c798bea2228" CLIENT-IP="135.232.177.240:48128" X-SITE-DEPLOYMENT-ID="nba-dfs-backend" WAS-DEFAULT-HOSTNAME="nba-dfs-backend.scm.azurewebsites.net" X-Forwarded-Proto="https" X-AppService-Proto="https" X-Forwarded-TlsVersion="1.3" X-WAWS-Unencoded-URL="/api/zipdeploy?isAsync=true&amp;deployer=GITHUB_ZIP_DEPLOY&amp;message=%7B%22type%22%3A%22deployment%22%2C%22sha%22%3A%22f1b59dccf1dbc01c044d9a1db93357db81ef4318%22%2C%22repoName%22%3A%22buddahb88%2FNBA_DFS_Optimizer%22%2C%22actor%22%3A%22buddahb88%22%2C%22slotName%22%3A%22production%22%2C%22commitMessage%22%3A%22Trigger%20backend%20deployment%20with%20refreshed%20credentials%22%7D" X-Client-IP="135.232.177.240" X-Client-Port="48128" >
  <step title="ZipPushDeploy" date="2025-11-13T03:11:26.841" >
    <step title="ZipDeploy. Run from package." date="2025-11-13T03:11:26.848" /><!-- duration: 4ms -->
    <step title="None repository commit" date="2025-11-13T03:11:26.861" >
      <step title="Commit id: 46174fe2-148d-45f9-a494-bb1aff310827" date="2025-11-13T03:11:26.865" Message="N/A" AuthorName="N/A" AuthorEmail="N/A" /><!-- duration: 4ms -->
    </step><!-- duration: 11ms -->
    <step title="Starting PushDeployAsync" date="2025-11-13T03:11:26.876" /><!-- duration: 3ms -->
    <step title="WEBSITE_RUN_FROM_PACKAGE is set to 1. Writing zip to SitePackagesPath" date="2025-11-13T03:11:26.902" /><!-- duration: 40ms -->
    <step title="Copying zip to SitePackages /home/data/SitePackages/20251113031126.zip from request body" date="2025-11-13T03:11:26.957" /><!-- duration: 7ms -->
    <step title="Writing multipart request body to /home/data/SitePackages/20251113031126.zip" date="2025-11-13T03:11:26.968" /><!-- duration: 4ms -->
    <step title="Start deployment in the background" date="2025-11-13T03:11:27.067" >
      <step title="Acquiring Deployment Lock" date="2025-11-13T03:11:27.127" /><!-- duration: 20ms -->
      <step title="Acquired Deployment Lock" date="2025-11-13T03:11:27.190" /><!-- duration: 5ms -->
    </step><!-- duration: 239ms -->
  </step><!-- duration: 473ms -->
  <step title="Outgoing response" date="2025-11-13T03:11:27.320" type="response" statusCode="202" statusText="Accepted" /><!-- duration: 4ms -->
</step><!-- duration: 631ms -->
