<step title="BackgroundTrace" date="2025-11-13T02:55:09.809" instance="f8fbcf" url="/api/zipdeploy" method="POST" >
  <step title="Creating temporary deployment - FetchDeploymentManager" date="2025-11-13T02:55:09.876" /><!-- duration: 4ms -->
  <step title="Creating temporary deployment" date="2025-11-13T02:55:09.885" /><!-- duration: 53ms -->
  <step title="Performing fetch based deployment" date="2025-11-13T02:55:09.978" >
    <step title="Cleaning up temp folders from previous zip deployments and extracting pushed zip file /tmp/zipdeploy/b47aa65a-68be-49de-ba42-40c7284e3b76.zip (0.04 MB) to /tmp/zipdeploy/extracted" date="2025-11-13T02:55:11.153" >
      <step title="ChmodRecursive Process exited with total time taken in ms: 19" date="2025-11-13T02:55:11.200" /><!-- duration: 7ms -->
    </step><!-- duration: 58ms -->
    <step title="Deployment timer started" date="2025-11-13T02:55:13.220" >
      <step title="DeploymentManager.Deploy(id:939c8a89-2a9d-43aa-b041-63109037112e)" date="2025-11-13T02:55:13.226" >
        <step title="Collecting changeset information" date="2025-11-13T02:55:13.249" /><!-- duration: 86ms -->
        <step title="Updating submodules" date="2025-11-13T02:55:13.342" /><!-- duration: 1141ms -->
        <step title="Determining deployment builder" date="2025-11-13T02:55:14.738" >
          <step title="Builder is OryxBuilder" date="2025-11-13T02:55:14.754" /><!-- duration: 4ms -->
        </step><!-- duration: 24ms -->
        <step title="PreDeployment: context.CleanOutputPath False" date="2025-11-13T02:55:14.812" >
          <step title="PreDeployment: context.OutputPath /home/site/wwwroot" date="2025-11-13T02:55:14.928" >
            <step title="Building" date="2025-11-13T02:55:15.039" >
              <step title="Executing external process" date="2025-11-13T02:55:15.339" type="process" path="bash" arguments="-c &quot;oryx build /tmp/zipdeploy/extracted -o /home/site/wwwroot --platform nodejs --platform-version 18 -p virtualenv_name= --log-file /tmp/build-debug.log  -i /tmp/8de226012048c15 -p compress_node_modules=tar-gz | tee /tmp/oryx-build.log ; exit $PIPESTATUS &quot;" >
                <step title="Process dump" date="2025-11-13T02:55:35.341" exitCode="1" type="processOutput" /><!-- duration: 7ms -->
              </step><!-- duration: 20016ms -->
              <step title="Error occurred" date="2025-11-13T02:55:35.417" type="error" text="npm error code ERESOLVE
npm error ERESOLVE unable to resolve dependency tree
npm error
npm error While resolving: nba-dfs-optimizer-backend@1.0.0
npm error Found: openai@6.8.1
npm error node_modules/openai
npm error   openai@&quot;^6.8.1&quot; from the root project
npm error   peer openai@&quot;*&quot; from @langchain/community@1.0.2
npm error   node_modules/@langchain/community
npm error     @langchain/community@&quot;^1.0.2&quot; from the root project
npm error
npm error Could not resolve dependency:
npm error peer openai@&quot;^4.62.1&quot; from @browserbasehq/stagehand@1.14.0
npm error node_modules/@browserbasehq/stagehand
npm error   peer @browserbasehq/stagehand@&quot;^1.0.0&quot; from @langchain/community@1.0.2
npm error   node_modules/@langchain/community
npm error     @langchain/community@&quot;^1.0.2&quot; from the root project
npm error
npm error Fix the upstream dependency conflict, or retry
npm error this command with --force or --legacy-peer-deps
npm error to accept an incorrect (and potentially broken) dependency resolution.
npm error
npm error
npm error For a full report see:
npm error /home/.npm/_logs/2025-11-13T02_55_27_872Z-eresolve-report.txt
npm notice
npm notice New major version of npm available! 10.8.2 -&gt; 11.6.2
npm notice Changelog: https://github.com/npm/cli/releases/tag/v11.6.2
npm notice To update run: npm install -g npm@11.6.2
npm notice
npm error A complete log of this run can be found in: /home/.npm/_logs/2025-11-13T02_55_27_872Z-debug-0.log
/bin/bash -c &quot;oryx build /tmp/zipdeploy/extracted -o /home/site/wwwroot --platform nodejs --platform-version 18 -p virtualenv_name= --log-file /tmp/build-debug.log  -i /tmp/8de226012048c15 -p compress_node_modules=tar-gz | tee /tmp/oryx-build.log ; exit $PIPESTATUS &quot;" stackTrace="   at Kudu.Core.Infrastructure.Executable.ExecuteInternal(ITracer tracer, Func`2 onWriteOutput, Func`2 onWriteError, CancellationToken token, Encoding encoding, String arguments, Object[] args) in /tmp/KuduLite/Kudu.Core/Infrastructure/Executable.cs:line 239
   at Kudu.Core.Infrastructure.Executable.ExecuteWithProgressWriter(ILogger logger, ITracer tracer, CancellationToken token, String arguments, Object[] args) in /tmp/KuduLite/Kudu.Core/Infrastructure/Executable.cs:line 118
   at Kudu.Core.Deployment.Generator.ExternalCommandBuilder.RunCommand(DeploymentContext context, String command, Boolean ignoreManifest, CancellationToken token, String message) in /tmp/KuduLite/Kudu.Core/Deployment/Generator/ExternalCommandBuilder.cs:line 122" /><!-- duration: 7ms -->
              <step title="Error occurred" date="2025-11-13T02:55:35.434" type="error" text="npm error code ERESOLVE
npm error ERESOLVE unable to resolve dependency tree
npm error
npm error While resolving: nba-dfs-optimizer-backend@1.0.0
npm error Found: openai@6.8.1
npm error node_modules/openai
npm error   openai@&quot;^6.8.1&quot; from the root project
npm error   peer openai@&quot;*&quot; from @langchain/community@1.0.2
npm error   node_modules/@langchain/community
npm error     @langchain/community@&quot;^1.0.2&quot; from the root project
npm error
npm error Could not resolve dependency:
npm error peer openai@&quot;^4.62.1&quot; from @browserbasehq/stagehand@1.14.0
npm error node_modules/@browserbasehq/stagehand
npm error   peer @browserbasehq/stagehand@&quot;^1.0.0&quot; from @langchain/community@1.0.2
npm error   node_modules/@langchain/community
npm error     @langchain/community@&quot;^1.0.2&quot; from the root project
npm error
npm error Fix the upstream dependency conflict, or retry
npm error this command with --force or --legacy-peer-deps
npm error to accept an incorrect (and potentially broken) dependency resolution.
npm error
npm error
npm error For a full report see:
npm error /home/.npm/_logs/2025-11-13T02_55_27_872Z-eresolve-report.txt
npm notice
npm notice New major version of npm available! 10.8.2 -&gt; 11.6.2
npm notice Changelog: https://github.com/npm/cli/releases/tag/v11.6.2
npm notice To update run: npm install -g npm@11.6.2
npm notice
npm error A complete log of this run can be found in: /home/.npm/_logs/2025-11-13T02_55_27_872Z-debug-0.log
/bin/bash -c &quot;oryx build /tmp/zipdeploy/extracted -o /home/site/wwwroot --platform nodejs --platform-version 18 -p virtualenv_name= --log-file /tmp/build-debug.log  -i /tmp/8de226012048c15 -p compress_node_modules=tar-gz | tee /tmp/oryx-build.log ; exit $PIPESTATUS &quot;" stackTrace="   at Kudu.Core.Infrastructure.Executable.ExecuteInternal(ITracer tracer, Func`2 onWriteOutput, Func`2 onWriteError, CancellationToken token, Encoding encoding, String arguments, Object[] args) in /tmp/KuduLite/Kudu.Core/Infrastructure/Executable.cs:line 239
   at Kudu.Core.Infrastructure.Executable.ExecuteWithProgressWriter(ILogger logger, ITracer tracer, CancellationToken token, String arguments, Object[] args) in /tmp/KuduLite/Kudu.Core/Infrastructure/Executable.cs:line 118
   at Kudu.Core.Deployment.Generator.ExternalCommandBuilder.RunCommand(DeploymentContext context, String command, Boolean ignoreManifest, CancellationToken token, String message) in /tmp/KuduLite/Kudu.Core/Deployment/Generator/ExternalCommandBuilder.cs:line 122
   at Kudu.Core.Deployment.Generator.OryxBuilder.RunBuildCommand(IOryxArguments args, DeploymentContext context, CancellationToken token) in /tmp/KuduLite/Kudu.Core/Deployment/Generator/OryxBuilder.cs:line 295
   at Kudu.Core.Deployment.Generator.OryxBuilder.Build(DeploymentContext context, CancellationToken token) in /tmp/KuduLite/Kudu.Core/Deployment/Generator/OryxBuilder.cs:line 136
   at Kudu.Core.Deployment.DeploymentManager.Build(ChangeSet changeSet, ITracer tracer, IDisposable deployStep, IRepository repository, DeploymentInfoBase deploymentInfo, DeploymentAnalytics deploymentAnalytics, Boolean fullBuildByDefault, CancellationToken cancellationToken) in /tmp/KuduLite/Kudu.Core/Deployment/DeploymentManager.cs:line 771" /><!-- duration: 6ms -->
              <step title="Using GenericDeploymentLogParser" date="2025-11-13T02:55:35.702" /><!-- duration: 4ms -->
            </step><!-- duration: 21939ms -->
          </step><!-- duration: 22056ms -->
          <step title="Error occurred" date="2025-11-13T02:55:36.988" type="error" text="npm error code ERESOLVE
npm error ERESOLVE unable to resolve dependency tree
npm error
npm error While resolving: nba-dfs-optimizer-backend@1.0.0
npm error Found: openai@6.8.1
npm error node_modules/openai
npm error   openai@&quot;^6.8.1&quot; from the root project
npm error   peer openai@&quot;*&quot; from @langchain/community@1.0.2
npm error   node_modules/@langchain/community
npm error     @langchain/community@&quot;^1.0.2&quot; from the root project
npm error
npm error Could not resolve dependency:
npm error peer openai@&quot;^4.62.1&quot; from @browserbasehq/stagehand@1.14.0
npm error node_modules/@browserbasehq/stagehand
npm error   peer @browserbasehq/stagehand@&quot;^1.0.0&quot; from @langchain/community@1.0.2
npm error   node_modules/@langchain/community
npm error     @langchain/community@&quot;^1.0.2&quot; from the root project
npm error
npm error Fix the upstream dependency conflict, or retry
npm error this command with --force or --legacy-peer-deps
npm error to accept an incorrect (and potentially broken) dependency resolution.
npm error
npm error
npm error For a full report see:
npm error /home/.npm/_logs/2025-11-13T02_55_27_872Z-eresolve-report.txt
npm notice
npm notice New major version of npm available! 10.8.2 -&gt; 11.6.2
npm notice Changelog: https://github.com/npm/cli/releases/tag/v11.6.2
npm notice To update run: npm install -g npm@11.6.2
npm notice
npm error A complete log of this run can be found in: /home/.npm/_logs/2025-11-13T02_55_27_872Z-debug-0.log
/bin/bash -c &quot;oryx build /tmp/zipdeploy/extracted -o /home/site/wwwroot --platform nodejs --platform-version 18 -p virtualenv_name= --log-file /tmp/build-debug.log  -i /tmp/8de226012048c15 -p compress_node_modules=tar-gz | tee /tmp/oryx-build.log ; exit $PIPESTATUS &quot;" stackTrace="   at Kudu.Core.Infrastructure.Executable.ExecuteInternal(ITracer tracer, Func`2 onWriteOutput, Func`2 onWriteError, CancellationToken token, Encoding encoding, String arguments, Object[] args) in /tmp/KuduLite/Kudu.Core/Infrastructure/Executable.cs:line 239
   at Kudu.Core.Infrastructure.Executable.ExecuteWithProgressWriter(ILogger logger, ITracer tracer, CancellationToken token, String arguments, Object[] args) in /tmp/KuduLite/Kudu.Core/Infrastructure/Executable.cs:line 118
   at Kudu.Core.Deployment.Generator.ExternalCommandBuilder.RunCommand(DeploymentContext context, String command, Boolean ignoreManifest, CancellationToken token, String message) in /tmp/KuduLite/Kudu.Core/Deployment/Generator/ExternalCommandBuilder.cs:line 122
   at Kudu.Core.Deployment.Generator.OryxBuilder.RunBuildCommand(IOryxArguments args, DeploymentContext context, CancellationToken token) in /tmp/KuduLite/Kudu.Core/Deployment/Generator/OryxBuilder.cs:line 295
   at Kudu.Core.Deployment.Generator.OryxBuilder.Build(DeploymentContext context, CancellationToken token) in /tmp/KuduLite/Kudu.Core/Deployment/Generator/OryxBuilder.cs:line 136
   at Kudu.Core.Deployment.DeploymentManager.Build(ChangeSet changeSet, ITracer tracer, IDisposable deployStep, IRepository repository, DeploymentInfoBase deploymentInfo, DeploymentAnalytics deploymentAnalytics, Boolean fullBuildByDefault, CancellationToken cancellationToken) in /tmp/KuduLite/Kudu.Core/Deployment/DeploymentManager.cs:line 771
   at Kudu.Core.Deployment.DeploymentManager.Build(ChangeSet changeSet, ITracer tracer, IDisposable deployStep, IRepository repository, DeploymentInfoBase deploymentInfo, DeploymentAnalytics deploymentAnalytics, Boolean fullBuildByDefault, CancellationToken cancellationToken) in /tmp/KuduLite/Kudu.Core/Deployment/DeploymentManager.cs:line 840" /><!-- duration: 3ms -->
          <step title="Cleaning up temp files" date="2025-11-13T02:55:37.052" /><!-- duration: 9ms -->
          <step title="Cleaning up temp files" date="2025-11-13T02:55:37.069" /><!-- duration: 514ms -->
          <step title="Error occurred" date="2025-11-13T02:55:37.630" type="error" text="npm error code ERESOLVE
npm error ERESOLVE unable to resolve dependency tree
npm error
npm error While resolving: nba-dfs-optimizer-backend@1.0.0
npm error Found: openai@6.8.1
npm error node_modules/openai
npm error   openai@&quot;^6.8.1&quot; from the root project
npm error   peer openai@&quot;*&quot; from @langchain/community@1.0.2
npm error   node_modules/@langchain/community
npm error     @langchain/community@&quot;^1.0.2&quot; from the root project
npm error
npm error Could not resolve dependency:
npm error peer openai@&quot;^4.62.1&quot; from @browserbasehq/stagehand@1.14.0
npm error node_modules/@browserbasehq/stagehand
npm error   peer @browserbasehq/stagehand@&quot;^1.0.0&quot; from @langchain/community@1.0.2
npm error   node_modules/@langchain/community
npm error     @langchain/community@&quot;^1.0.2&quot; from the root project
npm error
npm error Fix the upstream dependency conflict, or retry
npm error this command with --force or --legacy-peer-deps
npm error to accept an incorrect (and potentially broken) dependency resolution.
npm error
npm error
npm error For a full report see:
npm error /home/.npm/_logs/2025-11-13T02_55_27_872Z-eresolve-report.txt
npm notice
npm notice New major version of npm available! 10.8.2 -&gt; 11.6.2
npm notice Changelog: https://github.com/npm/cli/releases/tag/v11.6.2
npm notice To update run: npm install -g npm@11.6.2
npm notice
npm error A complete log of this run can be found in: /home/.npm/_logs/2025-11-13T02_55_27_872Z-debug-0.log
/bin/bash -c &quot;oryx build /tmp/zipdeploy/extracted -o /home/site/wwwroot --platform nodejs --platform-version 18 -p virtualenv_name= --log-file /tmp/build-debug.log  -i /tmp/8de226012048c15 -p compress_node_modules=tar-gz | tee /tmp/oryx-build.log ; exit $PIPESTATUS &quot;" stackTrace="   at Kudu.Core.Infrastructure.Executable.ExecuteInternal(ITracer tracer, Func`2 onWriteOutput, Func`2 onWriteError, CancellationToken token, Encoding encoding, String arguments, Object[] args) in /tmp/KuduLite/Kudu.Core/Infrastructure/Executable.cs:line 239
   at Kudu.Core.Infrastructure.Executable.ExecuteWithProgressWriter(ILogger logger, ITracer tracer, CancellationToken token, String arguments, Object[] args) in /tmp/KuduLite/Kudu.Core/Infrastructure/Executable.cs:line 118
   at Kudu.Core.Deployment.Generator.ExternalCommandBuilder.RunCommand(DeploymentContext context, String command, Boolean ignoreManifest, CancellationToken token, String message) in /tmp/KuduLite/Kudu.Core/Deployment/Generator/ExternalCommandBuilder.cs:line 122
   at Kudu.Core.Deployment.Generator.OryxBuilder.RunBuildCommand(IOryxArguments args, DeploymentContext context, CancellationToken token) in /tmp/KuduLite/Kudu.Core/Deployment/Generator/OryxBuilder.cs:line 295
   at Kudu.Core.Deployment.Generator.OryxBuilder.Build(DeploymentContext context, CancellationToken token) in /tmp/KuduLite/Kudu.Core/Deployment/Generator/OryxBuilder.cs:line 136
   at Kudu.Core.Deployment.DeploymentManager.Build(ChangeSet changeSet, ITracer tracer, IDisposable deployStep, IRepository repository, DeploymentInfoBase deploymentInfo, DeploymentAnalytics deploymentAnalytics, Boolean fullBuildByDefault, CancellationToken cancellationToken) in /tmp/KuduLite/Kudu.Core/Deployment/DeploymentManager.cs:line 771
   at Kudu.Core.Deployment.DeploymentManager.Build(ChangeSet changeSet, ITracer tracer, IDisposable deployStep, IRepository repository, DeploymentInfoBase deploymentInfo, DeploymentAnalytics deploymentAnalytics, Boolean fullBuildByDefault, CancellationToken cancellationToken) in /tmp/KuduLite/Kudu.Core/Deployment/DeploymentManager.cs:line 840
   at Kudu.Core.Deployment.DeploymentManager.DeployAsync(IRepository repository, ChangeSet changeSet, String deployer, Boolean clean, DeploymentInfoBase deploymentInfo, Boolean needFileUpdate, Boolean fullBuildByDefault) in /tmp/KuduLite/Kudu.Core/Deployment/DeploymentManager.cs:line 266" /><!-- duration: 6ms -->
        </step><!-- duration: 22828ms -->
        <step title="Reloading status file with latest updates" date="2025-11-13T02:55:37.690" >
          <step title="WebHooksManager.PublishEventAsync: PostDeployment" date="2025-11-13T02:55:37.694" /><!-- duration: 57ms -->
        </step><!-- duration: 67ms -->
        <step title="Error occurred" date="2025-11-13T02:55:37.761" type="error" text="npm error code ERESOLVE
npm error ERESOLVE unable to resolve dependency tree
npm error
npm error While resolving: nba-dfs-optimizer-backend@1.0.0
npm error Found: openai@6.8.1
npm error node_modules/openai
npm error   openai@&quot;^6.8.1&quot; from the root project
npm error   peer openai@&quot;*&quot; from @langchain/community@1.0.2
npm error   node_modules/@langchain/community
npm error     @langchain/community@&quot;^1.0.2&quot; from the root project
npm error
npm error Could not resolve dependency:
npm error peer openai@&quot;^4.62.1&quot; from @browserbasehq/stagehand@1.14.0
npm error node_modules/@browserbasehq/stagehand
npm error   peer @browserbasehq/stagehand@&quot;^1.0.0&quot; from @langchain/community@1.0.2
npm error   node_modules/@langchain/community
npm error     @langchain/community@&quot;^1.0.2&quot; from the root project
npm error
npm error Fix the upstream dependency conflict, or retry
npm error this command with --force or --legacy-peer-deps
npm error to accept an incorrect (and potentially broken) dependency resolution.
npm error
npm error
npm error For a full report see:
npm error /home/.npm/_logs/2025-11-13T02_55_27_872Z-eresolve-report.txt
npm notice
npm notice New major version of npm available! 10.8.2 -&gt; 11.6.2
npm notice Changelog: https://github.com/npm/cli/releases/tag/v11.6.2
npm notice To update run: npm install -g npm@11.6.2
npm notice
npm error A complete log of this run can be found in: /home/.npm/_logs/2025-11-13T02_55_27_872Z-debug-0.log
/bin/bash -c &quot;oryx build /tmp/zipdeploy/extracted -o /home/site/wwwroot --platform nodejs --platform-version 18 -p virtualenv_name= --log-file /tmp/build-debug.log  -i /tmp/8de226012048c15 -p compress_node_modules=tar-gz | tee /tmp/oryx-build.log ; exit $PIPESTATUS &quot;" stackTrace="   at Kudu.Core.Infrastructure.Executable.ExecuteInternal(ITracer tracer, Func`2 onWriteOutput, Func`2 onWriteError, CancellationToken token, Encoding encoding, String arguments, Object[] args) in /tmp/KuduLite/Kudu.Core/Infrastructure/Executable.cs:line 239
   at Kudu.Core.Infrastructure.Executable.ExecuteWithProgressWriter(ILogger logger, ITracer tracer, CancellationToken token, String arguments, Object[] args) in /tmp/KuduLite/Kudu.Core/Infrastructure/Executable.cs:line 118
   at Kudu.Core.Deployment.Generator.ExternalCommandBuilder.RunCommand(DeploymentContext context, String command, Boolean ignoreManifest, CancellationToken token, String message) in /tmp/KuduLite/Kudu.Core/Deployment/Generator/ExternalCommandBuilder.cs:line 122
   at Kudu.Core.Deployment.Generator.OryxBuilder.RunBuildCommand(IOryxArguments args, DeploymentContext context, CancellationToken token) in /tmp/KuduLite/Kudu.Core/Deployment/Generator/OryxBuilder.cs:line 295
   at Kudu.Core.Deployment.Generator.OryxBuilder.Build(DeploymentContext context, CancellationToken token) in /tmp/KuduLite/Kudu.Core/Deployment/Generator/OryxBuilder.cs:line 136
   at Kudu.Core.Deployment.DeploymentManager.Build(ChangeSet changeSet, ITracer tracer, IDisposable deployStep, IRepository repository, DeploymentInfoBase deploymentInfo, DeploymentAnalytics deploymentAnalytics, Boolean fullBuildByDefault, CancellationToken cancellationToken) in /tmp/KuduLite/Kudu.Core/Deployment/DeploymentManager.cs:line 771
   at Kudu.Core.Deployment.DeploymentManager.Build(ChangeSet changeSet, ITracer tracer, IDisposable deployStep, IRepository repository, DeploymentInfoBase deploymentInfo, DeploymentAnalytics deploymentAnalytics, Boolean fullBuildByDefault, CancellationToken cancellationToken) in /tmp/KuduLite/Kudu.Core/Deployment/DeploymentManager.cs:line 840
   at Kudu.Core.Deployment.DeploymentManager.DeployAsync(IRepository repository, ChangeSet changeSet, String deployer, Boolean clean, DeploymentInfoBase deploymentInfo, Boolean needFileUpdate, Boolean fullBuildByDefault) in /tmp/KuduLite/Kudu.Core/Deployment/DeploymentManager.cs:line 266" /><!-- duration: 5ms -->
        <step title="Marking deployment as failed and cleaning up the temp deployment" date="2025-11-13T02:55:37.817" /><!-- duration: 5ms -->
      </step><!-- duration: 24794ms -->
      <step title="Error occurred" date="2025-11-13T02:55:38.045" type="error" text="One or more errors occurred. (Deployment failed)" stackTrace="   at System.Threading.Tasks.Task.ThrowIfExceptional(Boolean includeTaskCanceledExceptions)
   at System.Threading.Tasks.Task.Wait(Int32 millisecondsTimeout, CancellationToken cancellationToken)
   at System.Threading.Tasks.Task.Wait()
   at Kudu.Core.Deployment.FetchDeploymentManager.&lt;&gt;c__DisplayClass22_1.&lt;PerformBackgroundDeployment&gt;b__3() in /tmp/KuduLite/Kudu.Core/Deployment/FetchDeploymentManager.cs:line 414
   at Kudu.Contracts.Infrastructure.LockExtensions.TryLockOperation(IOperationLock lockObj, Action operation, String operationName, TimeSpan timeout) in /tmp/KuduLite/Kudu.Contracts/Infrastructure/LockExtensions.cs:line 34
   at Kudu.Contracts.Infrastructure.LockExtensions.LockOperation(IOperationLock lockObj, Action operation, String operationName, TimeSpan timeout) in /tmp/KuduLite/Kudu.Contracts/Infrastructure/LockExtensions.cs:line 46
   at Kudu.Core.Deployment.FetchDeploymentManager.&lt;&gt;c__DisplayClass22_0.&lt;PerformBackgroundDeployment&gt;b__1() in /tmp/KuduLite/Kudu.Core/Deployment/FetchDeploymentManager.cs:line 393" innerText="Deployment failed" innerStackTrace="   at Kudu.Core.Deployment.DeploymentManager.DeployAsync(IRepository repository, ChangeSet changeSet, String deployer, Boolean clean, DeploymentInfoBase deploymentInfo, Boolean needFileUpdate, Boolean fullBuildByDefault) in /tmp/KuduLite/Kudu.Core/Deployment/DeploymentManager.cs:line 307
   at Kudu.Core.Deployment.FetchDeploymentManager.PerformDeployment(DeploymentInfoBase deploymentInfo, IDisposable tempDeployment, ChangeSet tempChangeSet, DeployStatusApiResult updateStatusObj) in /tmp/KuduLite/Kudu.Core/Deployment/FetchDeploymentManager.cs:line 230" /><!-- duration: 8ms -->
    </step><!-- duration: 24837ms -->
