<step title="Incoming Request" date="2025-11-12T23:06:19.218" instance="59351f" url="/api/zipdeploy?isAsync=true&amp;deployer=GITHUB_ZIP_DEPLOY&amp;message=%7B%22type%22%3A%22deployment%22%2C%22sha%22%3A%222c73465a3a8dcd58649736c67b3dcf9811a6fd29%22%2C%22repoName%22%3A%22buddahb88%2FNBA_DFS_Optimizer%22%2C%22actor%22%3A%22buddahb88%22%2C%22slotName%22%3A%22production%22%2C%22commitMessage%22%3A%22Add%20Azure%20App%20Service%20backend%20deployment%20with%20CI%2FCD%22%7D" method="POST" type="request" pid="768,1,5" Host="nba-dfs-backend.scm.azurewebsites.net" User-Agent="GITHUBACTIONS_DeployWebAppToAzure_6667faadbbbaf4c3775c9dcdc7325b783a5128be9b8865b1466a5098632ae6c6" Authorization="Bas..." Content-Type="application/octet-stream" Cookie="ARRAffinity=59351fa27e3b8ff2edfe6734b7b5bfd768057ef3feaf004e31c03e0b72d93ffe;Path=/;HttpOnly;Secure;Domain=nba-dfs-backend.scm.azurewebsites.net; ARRAffinitySameSite=59351fa27e3b8ff2edfe6734b7b5bfd768057ef3feaf004e31c03e0b72d93ffe;Path=/;HttpOnly;SameSite=None;Secure;Domain=nba-dfs-backend.scm.azurewebsites.net" Transfer-Encoding="chunked" X-ARR-LOG-ID="23cd141c-c83d-475d-91b1-43ceb647808e" CLIENT-IP="172.172.86.232:41984" X-SITE-DEPLOYMENT-ID="nba-dfs-backend" WAS-DEFAULT-HOSTNAME="nba-dfs-backend.scm.azurewebsites.net" X-Forwarded-Proto="https" X-AppService-Proto="https" X-Forwarded-TlsVersion="1.3" X-WAWS-Unencoded-URL="/api/zipdeploy?isAsync=true&amp;deployer=GITHUB_ZIP_DEPLOY&amp;message=%7B%22type%22%3A%22deployment%22%2C%22sha%22%3A%222c73465a3a8dcd58649736c67b3dcf9811a6fd29%22%2C%22repoName%22%3A%22buddahb88%2FNBA_DFS_Optimizer%22%2C%22actor%22%3A%22buddahb88%22%2C%22slotName%22%3A%22production%22%2C%22commitMessage%22%3A%22Add%20Azure%20App%20Service%20backend%20deployment%20with%20CI%2FCD%22%7D" X-Client-IP="172.172.86.232" X-Client-Port="41984" >
  <step title="ZipPushDeploy" date="2025-11-12T23:06:19.283" >
    <step title="ZipDeploy. Extract zip." date="2025-11-12T23:06:19.294" /><!-- duration: 4ms -->
    <step title="None repository commit" date="2025-11-12T23:06:19.304" >
      <step title="Commit id: 7aeaf4e3-239f-4d59-b111-5d15dbddff8b" date="2025-11-12T23:06:19.309" Message="N/A" AuthorName="N/A" AuthorEmail="N/A" /><!-- duration: 5ms -->
    </step><!-- duration: 12ms -->
    <step title="Starting PushDeployAsync" date="2025-11-12T23:06:19.320" /><!-- duration: 5ms -->
    <step title="Writing artifact to /tmp/zipdeploy/e82be283-bb09-44a0-bd8b-69dbc60e65ff.zip" date="2025-11-12T23:06:19.342" >
      <step title="Writing multipart request body to /tmp/zipdeploy/e82be283-bb09-44a0-bd8b-69dbc60e65ff.zip" date="2025-11-12T23:06:19.347" /><!-- duration: 6ms -->
    </step><!-- duration: 32ms -->
    <step title="Start deployment in the background" date="2025-11-12T23:06:19.388" >
      <step title="Acquiring Deployment Lock" date="2025-11-12T23:06:19.407" /><!-- duration: 4ms -->
      <step title="Acquired Deployment Lock" date="2025-11-12T23:06:19.459" /><!-- duration: 13ms -->
    </step><!-- duration: 176ms -->
  </step><!-- duration: 287ms -->
  <step title="Outgoing response" date="2025-11-12T23:06:19.577" type="response" statusCode="202" statusText="Accepted" /><!-- duration: 4ms -->
</step><!-- duration: 366ms -->
